"","name","gend"
"8","aaron",0
"15","abby",1
"36","abel",0
"47","abigail",1
"49","abner",0
"52","abraham",0
"53","abram",0
"63","ada",1
"76","adelaide",1
"77","adele",1
"78","adeline",1
"117","agatha",1
"122","agnes",1
"155","aileen",1
"215","al",0
"220","alan",0
"232","albert",0
"233","alberta",1
"242","aldo",0
"264","alex",0
"266","alexander",0
"268","alexandra",1
"285","alfred",0
"293","alice",1
"294","alicia",1
"318","alla",1
"320","allan",0
"323","allen",0
"324","allie",1
"336","alonzo",0
"356","amanda",1
"377","amelia",1
"411","amy",1
"452","anderson",0
"469","andrew",0
"478","andy",0
"544","ann",1
"553","anna",1
"575","anne",1
"612","annie",1
"635","anthony",0
"642","antoinette",1
"647","antonia",1
"790","arthur",0
"808","asa",0
"814","asaph",0
"887","august",0
"905","austin",0
"1008","barbara",1
"1016","barney",0
"1020","bart",0
"1047","beatrice",1
"1053","becky",1
"1068","belinda",1
"1070","ben",0
"1077","benedict",0
"1088","benjamin",0
"1112","bernard",0
"1120","bert",0
"1129","bess",1
"1130","beth",1
"1136","betty",1
"1169","bill",0
"1172","billy",0
"1222","bob",0
"1224","bobby",0
"1260","brad",0
"1262","bradford",0
"1264","brady",0
"1297","bridget",1
"1371","calvin",0
"1372","cam",0
"1374","cameron",0
"1379","camille",1
"1399","carl",0
"1421","carol",1
"1424","carole",1
"1429","caroline",1
"1430","carolyn",1
"1431","carrie",1
"1444","cassandra",1
"1455","catherine",1
"1457","cathleen",1
"1460","cathy",1
"1467","cecilia",1
"1469","cedric",0
"1474","celia",1
"1495","chan",0
"1566","charles",0
"1569","charlie",0
"1572","charlotte",1
"1628","chester",0
"1629","chet",0
"1721","chris",0
"1723","christa",1
"1730","christian",0
"1734","christiana",1
"1739","christina",1
"1740","christine",1
"1748","christopher",0
"1751","christy",1
"1817","cindy",1
"1824","claes",0
"1826","clair",1
"1830","clara",1
"1831","clare",1
"1832","clarissa",1
"1852","clement",0
"1857","cliff",0
"1858","clifford",0
"1859","clifton",0
"1885","con",0
"1893","connie",1
"1895","conny",1
"1897","conrad",0
"1899","constance",1
"1911","cordelia",1
"1923","cornelia",1
"1925","cornelius",0
"1938","court",0
"1939","courtney",1
"1966","curt",0
"1967","curtis",0
"1969","cynthia",1
"2024","dan",0
"2036","daniel",0
"2048","danny",0
"2069","darlene",1
"2082","dave",0
"2084","david",0
"2106","deb",1
"2110","debbie",1
"2113","debora",1
"2114","deborah",1
"2115","debra",1
"2132","del",0
"2134","delia",1
"2152","dennis",0
"2212","dick",0
"2247","dina",1
"2302","dominic",0
"2308","don",0
"2310","donald",0
"2353","donny",0
"2356","dora",1
"2375","dorothy",1
"2396","drew",0
"2439","ebenezer",0
"2447","ed",0
"2451","eddie",0
"2452","eddy",0
"2456","edgar",0
"2465","edith",1
"2467","edmond",0
"2468","edmund",0
"2475","eduardo",0
"2477","edward",0
"2478","edwin",0
"2480","edythe",1
"2532","elaine",1
"2536","elbert",0
"2541","eleanor",1
"2557","eli",0
"2561","elias",0
"2565","elijah",0
"2585","eliza",1
"2586","elizabeth",1
"2591","ella",1
"2593","ellen",1
"2596","ellie",1
"2600","elly",1
"2606","eloise",1
"2616","elsie",1
"2634","emanuel",0
"2652","emily",1
"2658","emma",1
"2688","ephraim",0
"2701","eric",0
"2709","erin",1
"2715","ernest",0
"2733","essa",0
"2737","estelle",1
"2740","esther",1
"2756","etty",1
"2758","eugene",0
"2787","eva",1
"2794","eve",1
"2821","ezekiel",0
"2825","ezra",0
"2850","faith",1
"2860","fanny",1
"2900","fay",1
"2933","ferdinand",0
"2980","flora",1
"2981","florence",1
"2996","ford",0
"3006","frances",1
"3012","francie",1
"3013","francine",1
"3014","francis",0
"3023","frank",0
"3025","frankie",0
"3026","franklin",0
"3036","fred",0
"3037","freda",1
"3038","freddy",0
"3040","frederick",0
"3065","fritz",0
"3116","gabby",1
"3117","gabe",0
"3121","gabriel",0
"3124","gabriella",1
"3125","gabrielle",1
"3138","gail",1
"3208","gene",0
"3211","genevieve",1
"3222","geoff",0
"3223","geoffrey",0
"3234","gerald",0
"3235","geraldine",1
"3257","gerry",0
"3258","gert",0
"3312","gil",0
"3314","gilbert",0
"3324","gina",1
"3326","ginny",1
"3536","gus",0
"3545","gwen",1
"3550","gwendolyn",1
"3636","hal",0
"3670","hank",0
"3674","hannah",1
"3734","harold",0
"3738","harriet",1
"3744","harry",0
"3801","heidi",1
"3816","helen",1
"3818","helene",1
"3853","henrietta",1
"3857","henry",0
"3862","herbert",0
"4036","horace",0
"4094","hubert",0
"4102","hugh",0
"4290","ina",1
"4309","inez",1
"4348","irene",1
"4361","irving",0
"4364","isaac",0
"4365","isabel",1
"4367","isabella",1
"4368","isabelle",1
"4369","isadora",1
"4435","jaap",0
"4441","jack",0
"4447","jacob",0
"4449","jacobus",0
"4506","jake",0
"4516","james",0
"4518","jamie",1
"4523","jan",1
"4535","jane",1
"4541","janet",1
"4547","janice",1
"4603","jay",0
"4623","jean",1
"4624","jean",1
"4666","jeanette",1
"4669","jeanne",1
"4671","jeannie",1
"4673","jed",0
"4680","jeff",0
"4681","jefferson",0
"4683","jeffrey",0
"4708","jennie",1
"4709","jennifer",1
"4710","jenny",1
"4730","jeremiah",0
"4748","jerry",0
"4756","jessica",1
"4757","jessie",1
"4889","jill",1
"4891","jim",0
"4895","jimmy",0
"4969","jo",1
"4973","joan",1
"4976","joann",1
"4977","joann",1
"4978","joanna",1
"4979","joanne",1
"4980","joanne",1
"4996","joe",0
"5004","joey",0
"5009","johanna",1
"5014","john",0
"5015","john",0
"5023","johnny",0
"5031","jon",0
"5037","jonathan",0
"5095","jos",0
"5109","joseph",0
"5110","josephine",1
"5113","josh",0
"5115","joshua",0
"5116","josiah",0
"5127","joy",1
"5129","joyce",1
"5135","jr",0
"5142","juanita",1
"5149","judson",0
"5165","julia",1
"5166","julian",0
"5167","julian",0
"5172","julie",1
"5203","june",1
"5404","kasey",1
"5417","kate",1
"5418","katelin",1
"5420","katelyn",1
"5429","katherine",1
"5433","kathleen",1
"5437","kathryn",1
"5438","kathy",1
"5468","katy",1
"5482","kay",1
"5563","ken",0
"5569","kendrick",0
"5578","kenneth",0
"5579","kenny",0
"5584","kent",0
"5639","kiah",1
"5658","kim",1
"5662","kimberley",1
"5663","kimberly",1
"5675","kingsley",0
"5790","kris",0
"5799","kristen",1
"5805","kristin",1
"5807","kristine",1
"5814","kristy",1
"5935","lamont",0
"5945","lanny",0
"5950","larry",0
"5975","laurence",0
"5988","lavinia",1
"5989","lawrence",0
"6002","lee",0
"6022","len",0
"6023","lena",1
"6031","lenora",1
"6033","leo",0
"6034","leon",0
"6036","leonard",0
"6048","leslie",1
"6049","lester",0
"6094","lidia",1
"6108","lige",0
"6127","lily",1
"6130","lina",1
"6132","linda",1
"6167","lisa",1
"6181","livia",1
"6190","liz",1
"6191","liza",1
"6209","lois",1
"6229","loren",0
"6233","lorenzo",0
"6235","loretta",1
"6243","lorne",0
"6244","lorraine",1
"6248","lotta",1
"6251","lou",1
"6259","louisa",1
"6260","louise",1
"6270","lu",1
"6281","lucas",0
"6291","lucille",1
"6293","lucinda",1
"6300","lucy",1
"6319","luke",0
"6334","lydia",1
"6339","lyndon",0
"6342","lynn",1
"6373","madeline",1
"6395","magda",1
"6400","maggie",1
"6481","mandy",1
"6507","manuel",0
"6545","marcus",0
"6552","margaret",1
"6673","marjorie",1
"6675","mark",0
"6706","martha",1
"6712","martin",0
"6713","martina",1
"6718","marty",0
"6720","marvin",0
"6723","mary",1
"6795","matilda",1
"6799","matt",0
"6803","matthew",0
"6804","matthias",0
"6812","maud",1
"6817","maurice",0
"6863","meg",1
"6898","mel",0
"6905","melinda",1
"6907","melissa",1
"6946","mervyn",0
"6956","micah",0
"6958","michael",0
"6972","michelle",1
"6983","mick",0
"7004","mike",0
"7033","mimi",1
"7035","mina",1
"7040","mindy",1
"7042","minerva",1
"7107","mira",1
"7109","miranda",1
"7117","miriam",1
"7136","mitchell",0
"7155","mitzi",1
"7191","molly",1
"7205","monty",0
"7221","morris",0
"7315","nace",0
"7362","nan",1
"7367","nancy",1
"7427","natalie",1
"7440","nathan",0
"7442","nathaniel",0
"7469","ned",0
"7492","nelly",1
"7502","netta",1
"7521","nicholas",0
"7523","nick",0
"7650","nonie",1
"7657","nora",1
"7660","norbert",0
"7744","oliver",0
"7746","olivia",1
"7787","orlando",0
"7810","oswald",0
"7850","pam",1
"7851","pamela",1
"7893","pate",0
"7897","patricia",1
"7899","patrick",0
"7903","patsy",1
"7908","paula",1
"7932","peg",1
"7934","peggy",1
"7954","penelope",1
"7959","penny",1
"7963","percy",0
"7971","perry",0
"7974","pete",0
"7975","peter",0
"7996","phil",0
"8000","philip",0
"8005","phillip",0
"8134","prudence",1
"8210","rachel",1
"8229","rafaela",1
"8282","ralph",0
"8312","randolph",0
"8314","randy",0
"8327","raphael",0
"8356","ray",0
"8359","raymond",0
"8369","rebecca",1
"8381","reggie",0
"8383","regina",1
"8384","reginald",0
"8417","rena",1
"8427","renny",0
"8435","reuben",0
"8464","ricardo",0
"8468","richard",0
"8471","rick",0
"8472","ricky",0
"8507","rita",1
"8517","rob",0
"8523","robby",0
"8524","robert",0
"8525","roberta",1
"8529","robin",1
"8539","rod",0
"8542","rodger",0
"8555","roger",0
"8566","roland",0
"8568","rolf",0
"8580","ron",0
"8583","ronald",0
"8593","ronny",0
"8600","rosa",1
"8607","rosalinda",1
"8608","rosalyn",1
"8613","rose",1
"8616","roseann",1
"8625","rosie",1
"8642","roxanne",1
"8643","roy",0
"8659","rudolph",0
"8660","rudy",0
"8690","rupert",0
"8693","russell",0
"8743","sabrina",1
"8784","sal",0
"8790","sally",1
"8798","sam",0
"8814","sammy",0
"8820","samuel",0
"8833","sandra",1
"8838","sandy",1
"8887","sarah",1
"8931","saul",0
"8952","scott",0
"9034","serena",1
"9035","serene",1
"9080","seymour",0
"9193","shelly",1
"9215","sheridan",1
"9223","sherry",1
"9297","shirley",1
"9407","si",0
"9415","sid",0
"9425","sidney",0
"9464","simon",0
"9534","solomon",0
"9566","sophia",1
"9567","sophie",1
"9654","stella",1
"9657","stephan",0
"9662","stephen",0
"9666","steve",0
"9667","steven",0
"9678","stuart",0
"9706","sue",1
"9813","susan",1
"9817","susannah",1
"9822","susie",1
"9836","suzie",1
"9864","sylvester",0
"10046","ted",0
"10047","teddy",0
"10068","terence",0
"10069","teresa",1
"10082","terry",0
"10090","tess",1
"10091","tessa",1
"10104","thad",0
"10105","thaddeus",0
"10115","theo",0
"10119","theodore",0
"10124","theresa",1
"10136","thom",0
"10137","thomas",0
"10195","tim",0
"10202","timothy",0
"10204","tina",1
"10214","titia",1
"10223","tobias",0
"10224","toby",0
"10234","tom",0
"10249","tommy",0
"10280","tony",0
"10320","tracy",1
"10334","tricia",1
"10339","trisha",1
"10348","trudy",1
"10475","val",0
"10478","valentine",0
"10482","valerie",1
"10496","van",0
"10497","van",0
"10502","vanessa",1
"10567","veronica",1
"10580","vicki",1
"10582","vicky",1
"10583","victor",0
"10584","victoria",1
"10619","vince",0
"10621","vincent",0
"10624","vincenzo",0
"10643","virginia",1
"10701","waldo",0
"10704","wallace",0
"10705","walter",0
"10732","washington",0
"10808","wendy",1
"10849","wilhelmina",1
"10853","will",0
"10857","william",0
"10860","willy",0
"10861","wilma",1
"10863","wilson",0
"10868","winnie",1
"10901","woodrow",0
"11617","yvonne",1
"11620","zach",0
"11621","zachariah",0
"11659","zeb",0
